horizon,model,mean_auc,std_auc,min_auc,max_auc,auc_range,n_regimes
2Q,xgb_tuned,0.8825863678804855,0.06503269649568155,0.8366013071895425,0.9285714285714286,0.0919701213818861,2
2Q,smote_xgb,0.8748832866479925,0.10959824993180842,0.7973856209150327,0.9523809523809523,0.1549953314659196,2
2Q,elastic_net,0.888422035480859,0.11157894119563636,0.8095238095238095,0.9673202614379085,0.15779645191409897,2
3Q,elastic_net,0.8057692307692308,0.07886960251696111,0.75,0.8615384615384616,0.11153846153846159,2
3Q,smote_xgb,0.8333333333333333,0.11785113019775789,0.75,0.9166666666666666,0.16666666666666663,2
3Q,xgb_tuned,0.8756410256410256,0.12872969606216636,0.7846153846153846,0.9666666666666667,0.18205128205128207,2
