horizon,lstm_auc,lstm_ap,baseline_auc,delta_auc,verdict
1Q,0.6900892987849511,0.26665604091443146,0.839262187088274,-0.14917288830332298,NO-GO
2Q,0.725516029863856,0.2894872313662479,0.7811447811447811,-0.05562875128092515,NO-GO
3Q,0.7628458498023716,0.35696193244549623,0.7670912018738106,-0.004245352071439057,NO-GO
